City_ID,City,Lat,Lng,Max Temp,Humidity,Cloudiness,Wind Speed,Country,Date
0,hawaiian paradise park,19.5933,-154.9731,24.46,92,100,2.57,US,1696097543
1,adamstown,-25.066,-130.1015,20.53,88,100,11.86,PN,1696097543
2,port-aux-francais,-49.35,70.2167,2.25,98,99,10.2,TF,1696097543
3,pitimbu,-7.4706,-34.8086,29.33,57,24,7.15,BR,1696097543
4,avarua,-21.2078,-159.775,25.03,94,75,4.12,CK,1696097175
5,saint-pierre,-21.3393,55.4781,22.82,83,0,2.57,RE,1696097544
6,raja,8.4596,25.678,22.99,94,78,0.97,SS,1696097544
7,ilulissat,69.2167,-51.1,1.01,64,75,1.54,GL,1696097544
8,madruga,22.9114,-81.8561,31.52,55,30,1.34,CU,1696097176
9,ust-nera,64.5667,143.2,-3.91,66,25,2.64,RU,1696097176
10,edinburgh of the seven seas,-37.0676,-12.3116,9.93,88,96,19.64,SH,1696097176
11,elliot lake,46.3834,-82.6331,21.82,55,48,2.87,CA,1696097177
12,grytviken,-54.2811,-36.5092,2.56,90,24,4.0,GS,1696097177
13,margate,51.3813,1.3862,17.17,75,77,1.79,GB,1696097149
14,nuuk,64.1835,-51.7216,4.34,70,20,3.6,GL,1696097060
15,college,64.8569,-147.8028,3.78,76,40,4.12,US,1696097546
16,bilibino,68.0546,166.4372,-6.69,97,100,2.19,RU,1696097546
17,egilsstadir,65.2653,-14.3948,5.95,87,100,2.57,IS,1696097546
18,surovikino,48.6078,42.8486,16.95,46,3,3.74,RU,1696097546
19,horasan,40.0458,42.1728,15.75,64,86,0.75,TR,1696097547
20,waitangi,-43.9535,-176.5597,9.04,56,97,14.42,NZ,1696097547
21,ladario,-19.0047,-57.6017,34.16,43,45,3.6,BR,1696097547
22,vila franca do campo,37.7167,-25.4333,22.16,99,100,3.04,PT,1696097548
23,lata,40.1629,-8.3327,24.57,44,4,1.03,PT,1696097548
24,onega,63.9061,38.1404,13.75,83,100,4.02,RU,1696097548
25,bovril,-31.3431,-59.4451,21.62,28,6,4.14,AR,1696097549
26,mogocha,53.7333,119.7667,2.64,79,27,0.89,RU,1696097549
27,wailua homesteads,22.0669,-159.378,26.44,86,40,5.14,US,1696097549
28,blackmans bay,-43.0167,147.3167,12.63,71,100,3.38,AU,1696097549
29,remire-montjoly,4.9167,-52.2667,34.02,46,0,5.14,GF,1696097549
30,kodiak,57.79,-152.4072,8.73,93,100,8.75,US,1696097550
31,kakunodatemachi,39.5833,140.5667,17.18,99,97,0.52,JP,1696097550
32,st. john's,47.5649,-52.7093,16.98,80,20,5.14,CA,1696097550
33,bethel,41.3712,-73.414,17.23,85,100,2.06,US,1696097314
34,nar'yan-mar,67.6713,53.087,7.28,89,100,8.49,RU,1696097551
35,arochukwu,5.3898,7.914,24.51,95,95,1.49,NG,1696097284
36,holualoa,19.6228,-155.9522,27.1,73,20,0.0,US,1696097551
37,bredasdorp,-34.5322,20.0403,11.38,73,8,2.65,ZA,1696097552
38,whitehorse,60.7161,-135.0538,4.34,100,75,2.57,CA,1696097552
39,alice springs,-23.7,133.8833,18.75,30,41,2.57,AU,1696097552
40,cassilandia,-19.1133,-51.7342,33.31,39,95,2.35,BR,1696097552
41,vrontados,38.4089,26.1328,23.92,53,0,5.14,GR,1696097552
42,rosarito,32.3333,-117.0333,21.54,75,89,3.09,MX,1696097403
43,chipinge,-20.1883,32.6236,23.46,44,31,3.16,ZW,1696097553
44,lagoa,39.05,-27.9833,20.16,72,4,4.78,PT,1696097553
45,nemuro,43.3236,145.575,16.62,82,100,9.03,JP,1696097553
46,hamilton,39.1834,-84.5333,27.55,60,40,2.57,US,1696097260
47,skeldon,5.8833,-57.1333,35.29,41,27,3.78,GY,1696097554
48,langarud,37.197,50.1535,21.24,75,69,0.88,IR,1696097554
49,fort irwin,35.2627,-116.6848,20.9,59,100,12.35,US,1696097554
50,ushuaia,-54.8,-68.3,9.62,71,100,4.19,AR,1696097555
51,gobabis,-22.45,18.9667,25.04,10,0,4.52,NA,1696097555
52,tiksi,71.6872,128.8694,-2.01,90,100,5.15,RU,1696097555
53,taltal,-25.4,-70.4833,15.68,74,19,2.23,CL,1696097555
54,arish,31.1316,33.7984,26.83,66,19,2.57,EG,1696097556
55,port elizabeth,-33.918,25.5701,14.16,78,0,9.26,ZA,1696097556
56,iqaluit,63.7506,-68.5145,1.85,100,100,9.77,CA,1696097556
57,albany,42.6001,-73.9662,19.1,92,99,0.45,US,1696097353
58,taulaga,-11.0553,-171.0883,27.57,80,10,5.05,AS,1696097537
59,touros,-5.1989,-35.4608,25.99,76,38,10.98,BR,1696097557
60,kalevala,65.2,31.1667,10.95,95,100,1.44,RU,1696097557
61,tamandare,-8.7597,-35.1047,28.0,53,43,4.46,BR,1696097557
62,haiku-pauwela,20.9219,-156.3051,26.69,68,20,5.66,US,1696097557
63,anadyr,64.75,177.4833,-1.72,79,20,7.0,RU,1696097558
64,puerto ayora,-0.7393,-90.3518,27.98,88,100,4.02,EC,1696097558
65,jamestown,42.097,-79.2353,23.9,72,100,2.57,US,1696097488
66,bedarieux,43.6155,3.1571,27.62,63,1,2.66,FR,1696097558
67,ad darb,17.7229,42.2526,31.41,66,6,1.12,SA,1696097558
68,margaret river,-33.95,115.0667,14.71,73,89,6.45,AU,1696097559
69,katsuura,35.1333,140.3,25.89,84,49,9.04,JP,1696097360
70,baoding,38.8511,115.4903,14.68,54,4,2.9,CN,1696097381
71,bhamo,24.2667,97.2333,24.67,99,65,1.02,MM,1696097559
72,nabire,-3.3667,135.4833,26.32,82,100,3.84,ID,1696097560
73,batesville,35.7698,-91.641,34.23,37,0,1.54,US,1696097410
74,hermanus,-34.4187,19.2345,12.21,76,21,0.93,ZA,1696097560
75,conceicao do araguaia,-8.2578,-49.2647,34.55,33,46,2.38,BR,1696097560
76,yellowknife,62.456,-114.3525,8.56,62,75,2.57,CA,1696097561
77,papatowai,-46.5619,169.4708,6.82,72,94,3.5,NZ,1696097561
78,hue,16.4667,107.6,27.06,94,40,1.03,VN,1696097561
79,gamba,-2.65,10.0,24.66,88,84,3.58,GA,1696097561
80,tomakomai,42.6369,141.6033,16.76,100,75,5.14,JP,1696097562
81,casper,42.8666,-106.3131,27.62,14,0,10.29,US,1696097517
82,petropavlovsk-kamchatsky,53.0452,158.6483,5.28,80,100,0.89,RU,1696097562
83,kilindoni,-7.9139,39.6668,25.23,76,6,6.29,TZ,1696097562
84,mil'kovo,55.6078,37.7956,18.22,56,56,3.38,RU,1696097562
85,kourou,5.1552,-52.6478,34.03,57,37,4.36,GF,1696097563
86,gambiran satu,-8.3939,114.1464,20.8,96,94,1.0,ID,1696097563
87,viedma,-40.8135,-62.9967,17.88,19,0,2.55,AR,1696097563
88,kuusamo,65.9667,29.1833,11.02,100,20,0.51,FI,1696097563
89,ribeira grande,38.5167,-28.7,23.22,64,20,4.92,PT,1696097563
90,kuta,-8.7233,115.1723,25.0,94,40,2.68,ID,1696097564
91,tahara,34.6667,137.2667,25.97,50,43,2.08,JP,1696097564
92,sitka,57.0531,-135.33,9.94,81,100,3.6,US,1696097440
93,kambove,-10.8764,26.5969,27.79,26,26,3.25,CD,1696097564
94,kailua-kona,19.6406,-155.9956,29.17,73,20,0.0,US,1696097564
95,kapuskasing,49.4169,-82.4331,18.05,77,100,2.57,CA,1696097565
96,san antonio oeste,-40.7319,-64.9477,18.53,21,0,5.43,AR,1696097459
97,igarka,67.4667,86.5833,-6.47,89,99,6.96,RU,1696097565
98,port blair,11.6667,92.75,26.93,83,91,6.63,IN,1696097565
99,ponta delgada,37.7333,-25.6667,22.33,83,75,5.14,PT,1696097566
100,sambava,-14.2667,50.1667,19.92,99,4,1.16,MG,1696097566
101,carnarvon,-24.8667,113.6333,19.35,75,0,8.69,AU,1696097566
102,north platte,41.1239,-100.7654,26.94,52,0,3.6,US,1696097345
103,ulladulla,-35.35,150.4667,16.61,43,36,2.3,AU,1696097566
104,west island,-12.1568,96.8225,25.99,78,100,7.2,CC,1696097567
105,qaqortoq,60.7167,-46.0333,3.32,79,81,0.83,GL,1696097567
106,puerto natales,-51.7236,-72.4875,16.25,36,100,9.77,CL,1696097568
107,somerset,40.5668,-74.5496,20.16,80,91,0.89,US,1696097395
108,tadine,-21.55,167.8833,20.25,63,52,7.13,NC,1696097568
109,stanley,54.868,-1.6985,12.01,93,75,2.57,GB,1696097568
110,lingig,8.0389,126.4125,25.9,85,100,0.91,PH,1696097568
111,vilyuchinsk,52.9306,158.4028,6.07,68,100,0.92,RU,1696097540
112,jinghong,21.991,100.7341,21.09,99,52,0.39,CN,1696097569
113,san antonio,29.4241,-98.4936,34.25,50,20,5.66,US,1696097432
114,shiprock,36.7855,-108.687,28.19,19,25,7.37,US,1696097569
115,pangai,-19.8,-174.35,22.06,73,40,2.57,TO,1696097569
116,nyamira,-0.6318,34.6443,19.26,67,90,0.8,KE,1696097570
117,pangody,65.85,74.4859,0.93,73,100,5.29,RU,1696097570
118,puerto deseado,-47.7503,-65.8938,12.11,53,63,15.12,AR,1696097570
119,sao felix do xingu,-6.6447,-51.995,40.28,19,31,0.27,BR,1696097570
120,peterhead,57.5058,-1.7981,11.36,87,100,8.1,GB,1696097571
121,vadso,70.0744,29.7487,7.49,87,100,1.54,NO,1696097571
122,talnakh,69.4865,88.3972,-6.55,91,10,2.96,RU,1696097571
123,iskateley,67.6803,53.1512,7.23,89,100,8.49,RU,1696097571
124,cabinda,-5.55,12.2,24.32,82,79,4.12,AO,1696097571
125,nova vicosa,-17.8919,-39.3719,24.26,75,98,5.12,BR,1696097572
126,yatou,37.15,122.3833,14.81,64,2,1.62,CN,1696097572
127,zouerate,22.7187,-12.4521,36.06,11,79,7.21,MR,1696097461
128,praia da vitoria,38.7333,-27.0667,23.14,73,20,3.92,PT,1696097572
129,yuzhno-kurilsk,44.0306,145.8556,16.32,81,99,4.94,RU,1696097573
130,georgetown,5.4112,100.3354,26.96,89,20,0.51,MY,1696097444
131,vorkuta,67.5,64.0,2.25,92,100,8.29,RU,1696097573
132,kiunga,-6.1219,141.2906,22.98,99,100,1.22,PG,1696097573
133,filey,54.21,-0.2892,13.21,87,100,1.34,GB,1696097574
134,bagan,54.1001,77.6646,7.27,77,100,4.97,RU,1696097574
135,portland,45.5234,-122.6762,17.05,75,20,3.09,US,1696097384
136,labytnangi,66.6572,66.4183,3.92,73,100,4.79,RU,1696097575
137,taoudenni,22.6783,-3.9836,36.05,14,15,4.3,ML,1696097575
138,tolanaro,-25.0319,46.9987,22.21,90,27,4.94,MG,1696097575
139,nuku'alofa,-21.1333,-175.2,20.19,64,75,2.57,TO,1696097575
140,kingston,17.997,-76.7936,33.47,66,20,5.66,JM,1696097576
141,remchi,35.062,-1.4336,23.23,68,0,2.57,DZ,1696097576
142,horta,38.5333,-28.6333,22.8,73,20,4.92,PT,1696097576
143,amahai,-3.3333,128.9167,24.5,89,98,0.46,ID,1696097576
144,olonkinbyen,70.9221,-8.7187,1.13,71,99,5.08,SJ,1696097576
145,mcalester,34.9334,-95.7697,31.97,42,0,2.06,US,1696097577
146,kem',64.9555,34.5793,14.4,91,100,5.24,RU,1696097577
147,roma,43.2128,-75.4557,24.17,60,0,3.6,US,1696097577
148,lebu,-37.6167,-73.65,14.15,71,62,3.97,CL,1696097577
149,yaren,-0.5472,166.916,28.28,78,93,5.01,NR,1696097577
150,gorontalo,0.5412,123.0595,23.35,93,40,1.63,ID,1696097578
151,arno,60.1167,18.6333,12.1,72,35,4.89,SE,1696097578
152,yamada,39.4667,141.95,18.33,98,98,1.71,JP,1696097578
153,fale old settlement,-9.3852,-171.2468,28.31,72,93,2.23,TK,1696097578
154,queenstown,-31.8976,26.8753,13.26,71,77,3.34,ZA,1696097579
155,la ronge,55.1001,-105.2842,9.14,76,100,3.09,CA,1696097579
156,hotan,37.0997,79.9269,17.05,27,28,4.4,CN,1696097579
157,colonia,50.9333,6.95,17.19,73,0,2.06,DE,1696097579
158,erdenet,49.0333,104.0833,3.64,63,26,1.25,MN,1696097579
159,karratha,-20.7377,116.8463,28.27,25,23,6.03,AU,1696097580
160,marietta,33.9526,-84.5499,30.49,48,40,3.09,US,1696097514
161,phuthaditjhaba,-28.5242,28.8158,19.6,15,48,3.17,ZA,1696097580
162,fort bragg,35.139,-79.006,24.34,70,100,3.6,US,1696097580
163,freshwater,50.692,-1.5079,17.83,81,77,5.5,GB,1696097581
164,bengkulu,-3.8004,102.2655,22.46,94,22,2.52,ID,1696097581
165,kissidougou,9.1848,-10.0999,26.25,85,45,1.58,GN,1696097581
166,thompson,55.7435,-97.8558,13.09,82,75,3.09,CA,1696097582
167,longyearbyen,78.2186,15.6401,-3.09,59,40,4.63,SJ,1696097582
168,baiti,13.745,-14.7482,32.29,64,9,3.01,SN,1696097582
169,lamu,-2.2717,40.902,25.12,84,8,6.23,KE,1696097582
170,cuajinicuilapa,16.4667,-98.4167,34.07,50,23,1.98,MX,1696097530
171,invercargill,-46.4,168.35,6.12,83,99,1.79,NZ,1696097583
172,letterkenny,54.95,-7.7333,14.96,97,100,6.44,IE,1696097583
173,keflavik,64.0049,-22.5624,10.24,76,100,10.8,IS,1696097583
174,opuwo,-18.0607,13.84,25.87,20,2,4.56,NA,1696097583
175,kununurra,-15.7667,128.7333,23.99,64,90,4.12,AU,1696097583
176,dailekh,28.8333,81.6667,20.6,91,22,1.55,NP,1696097584
177,padangsidempuan,1.3667,99.2667,23.0,98,73,0.43,ID,1696097584
178,pacific grove,36.6177,-121.9166,16.97,85,100,4.63,US,1696097584
179,jambi city,-1.6,103.6167,23.92,90,54,1.11,ID,1696097585
180,fortuna,40.5982,-124.1573,16.19,91,100,5.14,US,1696097585
181,nampula,-15.1165,39.2666,26.97,47,0,5.14,MZ,1696097585
182,guanica,17.9716,-66.908,33.91,67,54,5.73,PR,1696097585
183,afaahiti,-17.75,-149.2833,25.93,85,41,7.54,PF,1696097586
184,susuman,62.7833,148.1667,-3.34,77,37,1.79,RU,1696097586
185,sedro-woolley,48.5039,-122.2361,15.17,88,100,0.0,US,1696097586
186,novodvinsk,64.4165,40.8122,13.77,89,93,3.58,RU,1696097586
187,utrik,11.2278,169.8474,27.09,83,97,4.35,MH,1696097586
188,aasiaat,68.7098,-52.8699,-0.59,84,100,3.8,GL,1696097587
189,kenai,60.5544,-151.2583,6.19,94,100,5.66,US,1696097587
190,belmonte,-15.8631,-38.8828,26.33,66,94,3.48,BR,1696097587
191,cartagena del chaira,1.3349,-74.8429,36.24,39,95,1.29,CO,1696097520
192,prainha,-1.8,-53.48,38.11,21,84,2.4,BR,1696097588
193,karoi,-16.8099,29.6925,25.02,43,100,4.64,ZW,1696097588
194,robore,-18.3333,-59.75,38.51,24,76,1.07,BO,1696097588
195,nyurba,63.2842,118.3319,9.46,63,100,4.02,RU,1696097588
196,chonchi,-42.6128,-73.8092,17.56,53,100,1.42,CL,1696097588
197,uturoa,-16.7333,-151.4333,26.0,79,9,9.05,PF,1696097589
198,bairnsdale,-37.8333,147.6167,15.59,47,53,3.41,AU,1696097589
199,mhamid,29.82,-5.72,32.49,13,0,4.46,MA,1696097589
200,menongue,-14.6585,17.691,23.38,44,75,2.18,AO,1696097589
201,chulym,55.0997,80.9572,0.56,81,56,3.08,RU,1696097590
202,kidal,18.4411,1.4078,35.24,19,33,4.25,ML,1696097590
203,amga,60.8953,131.9608,-2.23,67,75,0.45,RU,1696097590
204,nasiriyah,31.0521,46.261,32.86,17,0,6.46,IQ,1696097591
205,vuktyl,63.8567,57.3094,7.28,64,100,4.47,RU,1696097592
206,tura,25.5198,90.2201,23.12,93,85,1.47,IN,1696097555
207,punta arenas,-53.15,-70.9167,11.06,46,0,4.12,CL,1696097592
208,port mathurin,-19.6833,63.4167,23.09,79,37,11.14,MU,1696097593
209,atafu village,-8.5421,-172.5159,28.66,71,84,4.27,TK,1696097593
210,saipan,15.1355,145.701,26.39,89,75,3.6,MP,1696097593
211,east london,-33.0153,27.9116,14.52,82,40,9.77,ZA,1696097594
212,butembo,0.15,29.2833,17.16,76,19,1.74,CD,1696097594
213,san patricio,28.017,-97.5169,33.43,45,18,6.28,US,1696097594
214,namibe,-15.1961,12.1522,18.7,84,65,4.69,AO,1696097594
215,la paz,-16.5,-68.15,16.99,44,40,2.57,BO,1696097595
216,wamba,8.9333,8.6,23.72,89,71,0.95,NG,1696097595
217,san antonio de pale,-1.4014,5.6325,25.15,86,100,7.15,GQ,1696097595
218,kerikeri,-35.2268,173.9474,6.06,90,3,2.8,NZ,1696097596
219,kargasok,59.0556,80.8572,0.54,74,12,2.68,RU,1696097596
220,al mijlad,11.0333,27.7333,29.36,59,68,6.94,SD,1696097596
221,awjilah,29.1081,21.2869,26.85,34,78,2.8,LY,1696097596
222,castillos,-34.1667,-53.8333,15.26,55,5,3.15,UY,1696097597
223,maracaibo,10.6317,-71.6406,35.83,47,91,1.2,VE,1696097594
224,richards bay,-28.783,32.0377,21.05,78,38,9.48,ZA,1696097365
225,arrifes,37.7667,-25.7,21.07,83,75,5.14,PT,1696097597
226,kabalo,-6.05,26.9167,27.28,61,33,1.72,CD,1696097597
227,florence,43.7667,11.25,25.82,45,0,1.54,IT,1696097582
228,yemetsk,63.4721,41.7941,14.22,94,95,3.74,RU,1696097599
229,garissa,-0.4536,39.6401,27.99,55,19,10.55,KE,1696097599
230,ancud,-41.8697,-73.8203,9.27,78,100,4.3,CL,1696097600
231,mount gambier,-37.8333,140.7667,13.84,85,93,6.25,AU,1696097600
232,murun-kuren,49.6342,100.1625,4.46,59,26,1.47,MN,1696097600
233,barrie,44.4001,-79.6663,24.42,63,16,2.06,CA,1696097472
234,crane,31.3974,-102.3501,29.84,36,88,10.19,US,1696097601
235,enewetak,11.3474,162.3373,28.15,80,80,5.44,MH,1696097601
236,muisne,0.6,-80.0333,24.96,83,85,6.29,EC,1696097601
237,lihue,21.9789,-159.3672,26.77,85,40,5.14,US,1696097601
238,coquimbo,-29.9533,-71.3436,16.85,67,0,4.12,CL,1696097602
239,ghat,24.9647,10.1728,30.73,21,76,4.36,LY,1696097602
240,dingcheng,32.1272,115.0394,20.87,80,93,3.06,CN,1696097602
241,koutiala,12.3917,-5.4642,29.34,54,61,4.24,ML,1696097603
242,gisborne,-38.6533,178.0042,3.24,66,3,1.63,NZ,1696097603
243,puerto baquerizo moreno,-0.9,-89.6,26.55,69,75,4.63,EC,1696097603
244,new norfolk,-42.7826,147.0587,13.29,55,99,2.05,AU,1696097603
245,badger,64.8,-147.5333,3.73,73,0,4.12,US,1696097604
246,birjand,32.8663,59.2211,14.26,17,0,3.09,IR,1696097604
247,guerrero negro,27.9769,-114.0611,21.97,61,29,6.05,MX,1696097604
248,puerto lempira,15.2667,-83.7667,32.08,62,75,2.57,HN,1696097426
249,brookings,44.3114,-96.7984,26.19,78,20,4.63,US,1696097604
250,ad-damazin,11.7891,34.3592,26.88,73,67,3.04,SD,1696097421
251,kushiro,42.975,144.3747,16.2,93,100,4.97,JP,1696097605
252,maitum,6.0392,124.4986,25.88,79,97,1.15,PH,1696097605
253,molde,62.7375,7.1591,13.17,94,75,6.69,NO,1696097605
254,jutai,-5.1833,-68.9,32.05,66,85,0.32,BR,1696097606
255,al marj,32.488,20.8317,21.0,77,2,3.28,LY,1696097606
256,aberdeen,57.1437,-2.0981,11.48,94,40,4.12,GB,1696097606
257,daru,-9.0763,143.2092,24.39,88,100,6.9,PG,1696097419
258,pretoria,-25.7449,28.1878,25.41,31,1,1.03,ZA,1696097557
259,dryden,49.7833,-92.7503,18.16,63,0,4.12,CA,1696097607
260,konarka,19.9,86.1167,25.22,80,100,4.9,IN,1696097607
261,bodo,67.28,14.405,10.43,98,75,6.69,NO,1696097607
262,bikenibeu village,1.3673,173.1241,26.98,89,75,0.0,KI,1696097607
263,thunder bay,48.4001,-89.3168,18.99,77,75,3.09,CA,1696097608
264,necochea,-38.5473,-58.7368,11.12,69,75,9.08,AR,1696097608
265,miri,4.4148,114.0089,25.54,88,100,4.25,MY,1696097608
266,ulaangom,49.9811,92.0667,6.99,68,72,0.55,MN,1696097608
267,ganjam,19.3833,85.0667,27.15,84,100,1.63,IN,1696097608
268,ofunato,39.0717,141.7167,19.33,92,99,2.69,JP,1696097609
269,saa,4.3667,11.45,23.07,87,52,1.57,CM,1696097609
270,villamontes,-21.25,-63.5,31.17,20,53,2.69,BO,1696097609
271,lompoc,34.6391,-120.4579,20.56,66,100,6.26,US,1696097609
272,zaozersk,69.4005,32.4476,7.47,95,98,2.47,RU,1696097609
273,howrah,22.5892,88.3103,27.0,94,75,5.14,IN,1696097610
274,fort st. john,56.2499,-120.8529,4.94,100,100,4.63,CA,1696097610
275,ashti,19.3833,76.2333,25.26,84,94,2.33,IN,1696097610
276,north battleford,52.7834,-108.2847,10.05,81,100,2.57,CA,1696097610
277,riberalta,-10.9833,-66.1,34.11,52,40,2.57,BO,1696097611
278,cooper's town,26.8667,-77.5167,28.19,75,35,1.08,BS,1696097611
279,kangding,30.0513,101.9603,13.69,95,94,1.16,CN,1696097611
280,plettenberg bay,-34.0527,23.3716,13.56,73,91,6.37,ZA,1696097611
281,callao,-12.0667,-77.15,21.16,68,75,5.14,PE,1696097522
282,nadi,-17.8,177.4167,20.0,77,40,3.09,FJ,1696097612
283,palmer,42.1584,-72.3287,17.4,78,100,3.6,US,1696097485
284,weno,7.4515,151.8468,27.97,89,100,1.54,FM,1696097612
285,manistee,44.2445,-86.3242,24.47,74,100,4.63,US,1696097612
286,sirte,31.2089,16.5887,24.6,67,0,3.77,LY,1696097613
287,santo tome,-31.6627,-60.7653,22.25,35,6,3.13,AR,1696097452
288,mahdishahr,35.7108,53.3556,15.9,27,59,0.76,IR,1696097613
289,isafjordur,66.0755,-23.124,7.02,70,75,4.12,IS,1696097613
290,astara,38.5,48.6667,18.99,93,98,1.03,AZ,1696097614
291,saint david's,12.0333,-61.6667,32.69,70,40,5.14,GD,1696097614
292,cabo san lucas,22.8909,-109.9124,36.61,52,0,4.63,MX,1696097541
293,calabozo,8.9242,-67.4293,36.01,45,90,1.65,VE,1696097614
294,kharan,28.5833,65.4167,23.72,12,0,2.71,PK,1696097615
295,uvalde,29.3669,-99.767,31.84,54,75,4.12,US,1696097615
296,huarmey,-10.0681,-78.1522,18.73,89,97,4.94,PE,1696097615
297,epernay,49.05,3.95,17.6,67,67,1.63,FR,1696097615
298,ketchikan,55.3422,-131.6461,9.99,87,20,0.0,US,1696097560
299,tejen,37.3834,60.5054,19.94,26,0,3.9,TM,1696097616
300,yonggwang-up,40.0183,127.4547,11.4,84,5,3.67,KP,1696097616
301,palikir - national government center,6.9248,158.1611,23.41,88,75,1.54,FM,1696097616
302,jiangyou,31.7667,104.7167,20.85,83,100,0.54,CN,1696097616
303,marabba,12.35,32.1833,27.98,53,63,3.52,SD,1696097617
304,bantay,17.5847,120.3892,28.78,80,100,3.37,PH,1696097617
305,bongao,5.0833,119.7833,28.26,73,91,3.36,PH,1696097617
306,cidreira,-30.1811,-50.2056,17.94,84,100,2.66,BR,1696097617
307,saldanha,-33.0117,17.9442,13.94,73,0,5.22,ZA,1696097618
308,saint-philippe,-21.3585,55.7679,22.77,82,54,5.99,RE,1696097618
309,brezina,33.0989,1.2608,27.44,19,0,3.58,DZ,1696097618
310,tazovsky,67.4667,78.7,-1.26,75,98,2.28,RU,1696097619
311,cibitoke,-2.8833,29.25,20.99,56,21,2.14,BI,1696097619
312,cockburn town,21.4612,-71.1419,29.35,79,92,7.98,TC,1696097619
313,willowmore,-33.2926,23.4895,8.42,74,90,9.87,ZA,1696097619
314,chatham,51.3789,0.5279,17.92,74,87,0.89,GB,1696097619
315,marat,25.0701,45.4615,30.32,15,0,5.19,SA,1696097620
316,kayangel,8.0823,134.7173,27.92,82,96,7.98,PW,1696097620
317,acarau,-2.8856,-40.12,30.32,56,12,10.08,BR,1696097620
318,arraial do cabo,-22.9661,-42.0278,23.98,64,75,8.23,BR,1696097602
319,suntar,62.1444,117.6319,10.08,84,100,2.67,RU,1696097620
320,kalymnos,36.95,26.9833,22.74,64,20,5.66,GR,1696097621
321,tralee,52.2704,-9.7026,15.96,92,100,5.24,IE,1696097621
322,lagos,6.5833,3.75,29.18,82,50,2.12,NG,1696097621
323,am timan,11.0297,20.2827,22.09,90,100,2.93,TD,1696097622
324,popondetta,-8.7537,148.2534,22.96,97,100,1.14,PG,1696097622
325,buon ma thuot,12.6667,108.05,20.91,99,52,0.69,VN,1696097622
326,mogadishu,2.0371,45.3438,25.95,87,7,5.84,SO,1696097362
327,makubetsu,45.3714,141.8211,14.9,88,100,2.24,JP,1696097622
328,merizo village,13.2658,144.6691,27.31,96,94,2.18,GU,1696097623
329,pucon,-39.2822,-71.9543,18.92,44,89,0.9,CL,1696097623
330,hadibu,12.65,54.0333,27.19,82,100,0.98,YE,1696097623
331,karystos,38.0133,24.4161,25.23,30,49,2.24,GR,1696097623
332,vilyuysk,63.7553,121.6247,6.76,83,100,3.58,RU,1696097624
333,tual,-5.6667,132.75,25.78,85,99,4.34,ID,1696097624
334,kudahuvadhoo,2.6708,72.8944,28.47,76,89,4.35,MV,1696097624
335,nova sintra,14.8667,-24.7167,23.66,81,61,5.79,CV,1696097624
336,jinka,5.65,36.65,19.26,79,87,1.53,ET,1696097625
337,vorgashor,67.5833,63.95,2.06,92,100,8.3,RU,1696097625
338,novyy urgal,51.0736,132.5642,6.11,93,99,1.55,RU,1696097625
339,mili,6.0815,171.735,27.59,76,98,3.64,MH,1696097625
340,bereeda,11.8704,51.0579,27.73,75,12,2.71,SO,1696097626
341,vershino-darasunskiy,52.35,115.5167,5.23,71,24,1.21,RU,1696097626
342,nushki,29.5542,66.0215,18.7,17,0,0.15,PK,1696097626
343,hammerfest,70.6634,23.6821,7.25,93,100,3.09,NO,1696097626
344,rio grande,-32.035,-52.0986,17.06,70,100,3.23,BR,1696097626
345,morondava,-20.2833,44.2833,25.62,78,25,4.09,MG,1696097627
346,tianpeng,30.9866,103.9393,22.57,85,100,1.5,CN,1696097627
347,piti village,13.4626,144.6933,27.49,91,40,1.54,GU,1696097627
348,primero de mayo,-32.2552,-58.4228,19.34,27,1,3.89,AR,1696097628
349,princeville,45.7668,-61.2985,22.57,63,0,2.57,CA,1696097628
350,guasdualito,7.2424,-70.7324,34.7,46,99,1.36,VE,1696097628
351,tamontaka,7.1806,124.2256,27.26,76,100,2.14,PH,1696097628
352,menaka,15.9182,2.4022,39.43,14,35,4.81,ML,1696097628
353,chesma,53.8111,60.6533,7.87,93,53,2.54,RU,1696097629
354,hithadhoo,-0.6,73.0833,27.22,81,58,5.94,MV,1696097629
355,kalabo,-14.97,22.6814,28.6,27,92,0.99,ZM,1696097629
356,goure,13.9835,10.2704,29.53,49,98,0.88,NE,1696097629
357,northam,51.0333,-4.2167,18.14,91,89,11.81,GB,1696097630
358,marka,1.7159,44.7717,25.76,88,5,5.54,SO,1696097630
359,howick,-29.4779,30.2306,14.18,93,1,2.81,ZA,1696097424
360,sanand,22.9833,72.3833,29.12,44,34,2.04,IN,1696097630
361,yulinshi,38.2906,109.7494,13.45,30,1,2.43,CN,1696097631
362,charters towers,-20.1,146.2667,16.56,96,68,3.1,AU,1696097631
363,caucete,-31.6518,-68.2811,21.3,21,0,0.73,AR,1696097631
364,laojunmiao,39.8333,97.7333,10.72,25,100,4.23,CN,1696097631
365,uray,60.1247,64.7758,2.71,64,10,2.24,RU,1696097631
366,sagua la grande,22.8067,-80.0756,32.55,75,13,6.95,CU,1696097632
367,haimen,23.1935,116.6142,25.94,85,0,1.13,CN,1696097632
368,kronstadt,45.6486,25.6061,16.5,58,0,2.68,RO,1696097632
369,itamaraca,-7.7478,-34.8256,29.03,62,64,5.89,BR,1696097632
370,rehoboth,-23.3167,17.0833,25.2,11,0,7.53,NA,1696097633
371,toliara,-23.35,43.6667,23.95,79,0,3.03,MG,1696097633
372,hasaki,35.7333,140.8333,25.22,81,39,6.78,JP,1696097633
373,syumsi,57.1111,51.6149,9.86,75,67,2.16,RU,1696097634
374,antofagasta,-23.65,-70.4,18.6,64,23,4.05,CL,1696097634
375,ebon,4.582,168.6964,28.41,72,99,4.66,MH,1696097634
376,vieste,41.8825,16.175,21.78,69,32,5.55,IT,1696097635
377,borazjan,29.2666,51.2159,29.57,39,0,0.57,IR,1696097635
378,bandipura,34.4167,74.65,13.85,38,0,2.79,IN,1696097635
379,north bend,43.4065,-124.2243,15.13,77,0,7.2,US,1696097499
380,constantia,44.1833,28.65,19.38,69,1,3.13,RO,1696097635
381,wajir,1.7471,40.0573,32.2,34,58,6.58,KE,1696097636
382,conde,-7.2597,-34.9075,28.7,61,40,6.17,BR,1696097630
383,luderitz,-26.6481,15.1594,17.16,67,0,7.91,NA,1696097636
384,pocito,-31.6833,-68.5833,20.9,23,0,2.84,AR,1696097637
385,antalaha,-14.9003,50.2788,22.35,88,11,4.33,MG,1696097637
386,boden,65.8252,21.6886,11.0,89,100,3.1,SE,1696097637
387,buka,40.8108,69.1986,16.66,31,9,1.92,UZ,1696097637
388,san agustin de valle fertil,-30.6335,-67.4682,20.98,25,0,5.08,AR,1696097480
389,comodoro rivadavia,-45.8667,-67.5,23.92,15,0,8.23,AR,1696097638
390,bluefields,12.0137,-83.7635,30.21,68,46,2.91,NI,1696097438
391,booue,-0.0921,11.9385,24.22,95,72,0.88,GA,1696097638
392,kirensk,57.7853,108.1119,5.57,96,92,1.79,RU,1696097638
393,orange beach,30.2944,-87.5736,32.19,59,0,5.14,US,1696097638
394,oyama,36.3,139.8,26.99,87,100,0.39,JP,1696097639
395,chabahar,25.2919,60.643,28.77,52,0,1.53,IR,1696097639
396,masterton,-40.9597,175.6575,3.27,97,13,1.53,NZ,1696097639
397,ray,23.6833,85.05,23.15,96,100,1.13,IN,1696097639
398,wucheng,29.6008,118.175,19.97,96,43,1.6,CN,1696097640
399,skagen,57.7209,10.5839,14.39,80,59,13.88,DK,1696097640
400,nguigmi,14.2495,13.1092,31.53,47,33,3.07,NE,1696097640
401,port macquarie,-31.4333,152.9167,14.38,85,2,5.03,AU,1696097641
402,alofi,-19.0595,-169.9187,22.94,94,88,4.63,NU,1696097641
403,thinadhoo,0.5333,72.9333,27.88,79,91,6.24,MV,1696097641
404,yala,6.3333,101.25,23.87,94,31,0.62,TH,1696097641
405,gaspe,48.8334,-64.4819,18.12,55,20,5.66,CA,1696097642
406,corn island,12.1694,-83.0418,29.02,75,32,3.3,NI,1696097642
407,walvis bay,-22.9575,14.5053,13.38,70,20,6.3,NA,1696097642
408,jangaon,17.7167,79.1833,24.93,85,100,2.97,IN,1696097642
409,port alfred,-33.5906,26.891,13.43,88,100,2.68,ZA,1696097643
410,lensk,60.7253,114.9278,8.89,88,100,2.21,RU,1696097643
411,coreau,-3.5333,-40.6567,37.67,20,44,4.4,BR,1696097643
412,veinticinco de mayo,-35.4323,-60.1727,16.66,40,0,1.79,AR,1696097643
413,valparaiso,-33.0393,-71.6273,16.67,78,100,4.12,CL,1696097643
414,safford,32.834,-109.7076,32.64,18,0,7.72,US,1696097644
415,lospalos,-8.5186,127.0025,20.46,94,87,1.26,TL,1696097644
416,xining,36.6167,101.7667,11.48,81,88,0.77,CN,1696097644
417,adre,13.4667,22.2,20.95,85,99,10.57,TD,1696097644
418,adrar,20.5022,-10.0711,35.26,8,29,5.73,MR,1696097645
419,ephraim,39.3597,-111.5863,24.34,18,58,8.73,US,1696097645
420,rongelap,11.1635,166.8941,28.25,79,98,4.62,MH,1696097645
421,gajuwaka,17.7,83.2167,28.07,89,75,1.03,IN,1696097645
422,bonthe,7.5264,-12.505,27.84,78,57,4.21,SL,1696097646
423,riversdale,18.1659,-76.9642,32.86,57,29,3.52,JM,1696097646
424,sibay,52.7181,58.6658,9.01,85,38,2.68,RU,1696097646
425,ares,-6.1944,-35.1603,29.05,54,60,7.36,BR,1696097646
426,bamyan,34.75,67.25,2.54,59,0,2.05,AF,1696097647
427,barra,-11.0894,-43.1417,37.51,11,27,3.83,BR,1696097647
428,ogwashi-uku,6.1782,6.5243,23.94,94,48,1.81,NG,1696097647
429,rakitovo,41.9833,24.0833,13.41,54,4,0.47,BG,1696097647
430,dukhan,25.4297,50.7858,31.01,56,0,2.6,QA,1696097648
431,eraan,9.0629,117.7016,25.81,91,100,4.44,PH,1696097648
432,west end,26.6833,-78.9667,26.99,78,77,0.84,BS,1696097648
433,la passe,45.5549,-0.8967,24.13,66,3,2.82,FR,1696097648
434,lorengau,-2.0226,147.2712,26.84,83,100,1.85,PG,1696097649
435,coahuayana de hidalgo,18.7,-103.6583,33.9,53,70,3.0,MX,1696097649
436,port lincoln,-34.7333,135.8667,13.08,78,22,6.89,AU,1696097649
437,wynyard,-41.0,145.7167,14.6,63,96,2.62,AU,1696097649
438,tegueste,28.5167,-16.3167,25.05,78,20,5.66,ES,1696097650
439,rio gallegos,-51.6226,-69.2181,16.03,21,0,10.8,AR,1696097650
440,stephenville,32.2207,-98.2023,32.18,44,0,4.12,US,1696097650
441,kirakira,-10.4544,161.9205,25.06,83,53,5.5,SB,1696097650
442,ardestan,33.3761,52.3694,22.19,19,1,3.15,IR,1696097651
443,huanggang,23.677,116.9996,25.94,89,0,1.42,CN,1696097651
444,brookhaven,31.5791,-90.4407,33.47,30,0,3.17,US,1696097467
445,vernon,50.2581,-119.2691,13.34,73,84,1.03,CA,1696097493
446,kananga,-5.8958,22.4178,25.3,65,90,1.31,CD,1696097651
447,pagar alam,-4.0167,103.2667,21.14,72,24,0.38,ID,1696097652
448,huilong,31.8111,121.655,21.63,86,31,3.17,CN,1696097652
449,itati,-27.2704,-58.2446,25.93,33,26,4.91,AR,1696097652
450,mccook,40.2019,-100.6257,30.25,42,0,4.12,US,1696097652
451,saint-felicien,48.6501,-72.4491,17.38,77,40,1.54,CA,1696097653
452,malango,-2.9627,119.9001,19.99,98,62,0.24,ID,1696097653
453,machico,32.7,-16.7667,26.67,79,20,3.09,PT,1696097653
454,udachny,66.4167,112.4,1.92,93,100,2.45,RU,1696097653
455,jiuquan,39.7432,98.5174,12.59,16,91,0.77,CN,1696097653
456,raniganj,23.6167,87.1333,25.44,94,100,5.16,IN,1696097654
457,micheweni,-4.9667,39.8333,25.75,82,1,7.71,TZ,1696097654
458,naze,28.3667,129.4833,24.51,82,10,5.46,JP,1696097654
459,sidi akkacha,36.4647,1.3026,29.16,74,2,4.87,DZ,1696097655
460,santa cruz,-17.8,-63.1667,28.7,32,75,6.17,BO,1696097655
461,glace bay,46.1969,-59.957,22.25,67,40,3.09,CA,1696097655
462,kodinsk,58.6881,99.1844,7.47,75,99,3.06,RU,1696097655
463,gangtok,27.3333,88.6167,18.5,84,100,0.8,IN,1696097656
464,santa ana,33.7456,-117.8678,22.82,71,40,4.63,US,1696097656
465,turkmenbasy,40.0222,52.9552,19.43,45,0,2.06,TM,1696097656
466,kralendijk,12.15,-68.2667,33.99,49,0,6.17,BQ,1696097656
467,quartu sant'elena,39.2419,9.1839,25.56,59,0,3.09,IT,1696097656
468,mukalla,14.5425,49.1242,28.39,72,3,1.4,YE,1696097657
469,tobruk,32.0836,23.9764,24.15,67,0,5.67,LY,1696097657
470,manismata,-2.4667,111.0333,23.72,78,75,0.98,ID,1696097657
471,levuka,50.1834,-105.4011,10.9,63,100,6.21,CA,1696097657
472,pyin oo lwin,22.0333,96.4667,18.25,92,96,0.76,MM,1696097657
473,tarawa,1.419,172.984,27.05,89,75,0.0,KI,1696097658
474,savanna-la-mar,18.219,-78.1332,32.18,60,30,2.48,JM,1696097658
475,chernyshevskiy,63.0128,112.4714,5.25,91,99,3.49,RU,1696097539
476,waingapu,-9.6567,120.2641,25.08,80,34,4.55,ID,1696097658
477,saynshand,44.8824,110.1163,10.41,36,33,3.41,MN,1696097659
478,isiro,2.7739,27.616,22.59,83,40,1.13,CD,1696097659
479,sao gabriel da cachoeira,-0.1303,-67.0892,27.89,83,40,2.57,BR,1696097659
480,mancio lima,-7.6142,-72.8958,32.04,58,40,2.57,BR,1696097659
481,irtyshsk,53.3333,75.4572,10.08,76,100,3.76,KZ,1696097660
482,sinabang,2.4803,96.3801,26.07,90,94,2.43,ID,1696097660
483,sheridan,44.8333,-106.9173,24.06,60,0,3.6,US,1696097660
484,fyodorovka,53.6314,62.7078,9.17,91,91,2.55,KZ,1696097660
485,puerto quijarro,-17.7833,-57.7667,39.82,25,40,4.67,BO,1696097661
486,eforie sud,44.0229,28.6494,19.45,69,1,3.13,RO,1696097661
487,shakhtersk,48.0625,38.5167,20.23,41,0,2.35,UA,1696097661
488,mangai,-4.05,19.5333,22.99,95,89,0.73,CD,1696097661
489,baghdad,33.3406,44.4009,27.95,30,0,2.06,IQ,1696097278
490,marica,-22.9194,-42.8186,26.97,69,49,8.47,BR,1696097662
491,sur,22.5667,59.5289,30.2,47,1,1.62,OM,1696097662
492,rabo de peixe,37.8,-25.5833,21.66,99,75,5.14,PT,1696097662
493,eyl,7.9803,49.8164,26.6,77,75,8.96,SO,1696097663
494,carbonear,47.7332,-53.2148,17.23,80,12,2.18,CA,1696097663
495,tazacorte,28.629,-17.9293,25.64,79,75,3.09,ES,1696097663
496,klyuchi,52.2667,79.1667,9.63,72,100,2.9,RU,1696097663
497,poronaysk,49.2167,143.1167,9.6,83,81,3.25,RU,1696097664
498,selfoss,63.9331,-20.9971,8.91,81,100,6.22,IS,1696097664
499,oamaru,-45.0784,170.9801,5.77,73,100,2.19,NZ,1696097664
500,padang,-0.9492,100.3543,26.03,90,61,1.02,ID,1696097664
501,grand falls-windsor,48.9332,-55.6649,21.39,53,5,2.34,CA,1696097665
502,port-vila,-17.7338,168.3219,19.78,77,75,2.06,VU,1696097665
503,pyay,18.8167,95.2167,23.8,99,93,2.4,MM,1696097665
504,pimenta bueno,-11.6725,-61.1936,36.28,38,99,1.3,BR,1696097665
505,broome,42.2506,-75.833,23.34,74,75,3.09,US,1696097666
506,argo,37.6333,22.7333,19.32,67,100,1.8,GR,1696097666
507,prince rupert,54.3161,-130.3201,10.33,72,90,0.44,CA,1696097409
508,stiens,53.2623,5.7577,17.21,88,100,1.03,NL,1696097666
509,tindouf,27.6711,-8.1474,35.25,14,0,6.17,DZ,1696097666
510,hobyo,5.3505,48.5268,26.53,80,12,7.98,SO,1696097667
511,dara,15.3484,-15.4799,34.6,41,79,5.77,SN,1696097667
512,magadan,59.5667,150.8,6.57,64,100,3.13,RU,1696097532
513,saraktash,51.7866,51.7866,15.13,51,84,3.04,RU,1696097668
514,qinzhou,21.95,108.6167,26.0,83,4,1.0,CN,1696097668
515,elliot,-31.3333,27.85,12.74,66,89,3.58,ZA,1696097668
516,mpulungu,-8.7623,31.1141,28.89,41,59,1.96,ZM,1696097668
517,nguruka,-5.1092,31.0419,27.02,35,14,3.1,TZ,1696097669
518,pisco,-13.7,-76.2167,20.57,77,52,4.12,PE,1696097669
519,faya-largeau,17.9257,19.1043,36.48,12,82,5.19,TD,1696097669
520,sidi amrane,33.4989,6.008,30.24,30,0,3.89,DZ,1696097670
521,garachico,28.7781,-17.7646,24.16,69,75,3.09,ES,1696097670
522,kharsia,21.9667,83.1167,25.28,86,98,1.96,IN,1696097670
523,yeppoon,-23.1333,150.7333,16.88,85,26,1.35,AU,1696097670
524,lakatoro,-16.0999,167.4164,23.29,72,77,9.08,VU,1696097671
525,hantsavichy,52.758,26.43,15.08,94,100,4.38,BY,1696097671
526,george town,5.4112,100.3354,26.96,89,20,0.51,MY,1696097399
527,labrador city,52.9463,-66.9114,18.95,39,75,5.66,CA,1696097671
528,bakanas,44.8081,76.2772,17.02,37,98,2.08,KZ,1696097671
529,usogorsk,63.4106,48.6872,13.15,81,100,4.39,RU,1696097672
530,cururupu,-1.8283,-44.8683,31.47,54,71,2.92,BR,1696097672
531,santa marta,11.2408,-74.199,32.16,74,89,0.45,CO,1696097287
532,dunedin,-45.8742,170.5036,7.11,75,100,0.89,NZ,1696097392
533,kitimat,54.0524,-128.6534,9.82,99,89,0.84,CA,1696097672
534,taro,-8.3862,115.28,21.03,91,94,1.0,ID,1696097673
535,jackson,42.4165,-122.8345,14.77,80,100,3.09,US,1696097673
536,dassa-zoume,7.75,2.1833,25.87,83,73,2.4,BJ,1696097673
537,sungailiat,-1.85,106.1333,26.58,75,67,3.46,ID,1696097673
538,muli,2.9167,73.5667,28.46,75,97,4.67,MV,1696097674
539,vila velha,-20.3297,-40.2925,21.97,86,100,2.06,BR,1696097674
540,chepen,-7.2167,-79.45,26.09,55,92,5.16,PE,1696097674
541,tqvarch'eli,42.8404,41.6801,18.35,82,3,2.45,GE,1696097674
542,aykhal,66.0,111.5,2.26,99,100,0.89,RU,1696097675
543,fortaleza,-3.7227,-38.5247,31.07,55,0,8.75,BR,1696097519
544,bei'an,24.5399,109.533,24.42,91,20,1.52,CN,1696097675
545,ghazni,33.5536,68.4269,11.46,37,0,1.25,AF,1696097675
546,alibag,18.6411,72.8792,27.04,86,100,0.7,IN,1696097676
547,pleszew,51.8964,17.7855,14.7,58,66,3.24,PL,1696097676
548,shitanjing,39.2342,106.3439,13.14,42,38,4.14,CN,1696097676
549,posadas,-27.3671,-55.8961,26.99,53,40,6.17,AR,1696097676
550,inhambane,-23.865,35.3833,24.99,88,40,10.29,MZ,1696097677
551,la ligua,-32.4524,-71.2311,21.2,52,0,3.77,CL,1696097677
552,nuriootpa,-34.4833,139.0,15.28,94,49,7.33,AU,1696097677
553,misratah,32.3754,15.0925,24.7,64,1,6.26,LY,1696097677
554,chudovo,59.1167,31.6833,15.68,86,100,4.0,RU,1696097678
555,zhongshu,24.5167,103.7667,16.22,97,18,0.58,CN,1696097678
556,lerwick,60.1545,-1.1494,10.0,79,99,0.92,GB,1696097678
557,bam,29.106,58.357,23.71,16,4,0.95,IR,1696097678
558,prokop'yevsk,53.9059,86.719,10.82,93,100,5.03,RU,1696097679
559,urengoy,65.9667,78.3667,1.73,53,89,6.71,RU,1696097679
560,santa ana de yacuma,-13.75,-65.4333,32.97,55,40,5.14,BO,1696097679
561,mount pearl,47.5166,-52.7813,16.52,79,20,5.14,CA,1696097679
562,tobelo,1.7284,128.0095,25.64,81,90,2.07,ID,1696097680
563,ungsang-nodongjagu,42.3578,130.4622,11.99,68,24,3.24,KP,1696097680
564,usol'ye,59.4268,56.6808,9.43,84,100,3.54,RU,1696097680
565,saudarkrokur,65.7461,-19.6394,5.49,78,89,1.39,IS,1696097680
566,nago,26.5881,127.9761,28.24,84,6,2.89,JP,1696097681
567,rahatgarh,23.7833,78.3667,23.75,58,4,1.08,IN,1696097681
568,calvinia,-31.4707,19.776,8.21,87,75,1.64,ZA,1696097681
569,sierpc,52.8568,19.6691,11.57,58,66,4.02,PL,1696097681
570,ciudad acuna,29.3232,-100.9522,34.12,48,20,4.12,MX,1696097409
571,chibougamau,49.9168,-74.3659,21.08,41,85,4.55,CA,1696097682
572,yongchuan,29.3514,105.8947,22.09,87,99,1.31,CN,1696097682
573,khandyga,62.6667,135.6,-1.87,62,10,0.7,RU,1696097682
574,cabedelo,-6.9811,-34.8339,29.37,68,46,7.67,BR,1696097683
575,sardinata,8.0829,-72.8007,33.82,40,99,2.59,CO,1696097683
576,smithers,54.7804,-127.1743,7.18,87,40,0.0,CA,1696097683
577,sogndal,61.2283,7.1003,12.21,87,100,9.77,NO,1696097683
578,undurkhaan,47.3194,110.6556,6.41,53,33,2.88,MN,1696097683
579,posto fiscal rolim de moura,-13.0833,-62.2667,38.4,31,92,2.57,BR,1696097684
580,ishigaki,24.3448,124.1572,27.07,100,40,4.63,JP,1696097684
581,calama,-22.4667,-68.9333,26.27,6,0,5.66,CL,1696097684
582,chishmy,54.5765,55.3764,8.22,73,54,1.85,RU,1696097684
583,kyren,51.6828,102.1408,8.3,73,10,0.45,RU,1696097685
584,oranjemund,-28.55,16.4333,14.35,90,0,7.6,NA,1696097685
585,saint-louis,16.3333,-15.0,38.85,21,53,5.38,SN,1696097685
586,gbarnga,6.9956,-9.4722,27.77,72,77,1.61,LR,1696097685
587,macau,22.2006,113.5461,28.89,83,20,2.06,MO,1696097686
588,greenville,35.6127,-77.3663,23.09,79,100,2.57,US,1696097686
589,portales,34.1862,-103.3344,26.3,36,90,7.72,US,1696097686
590,verkhnyaya khava,51.8404,39.9413,11.04,45,30,2.27,RU,1696097686
591,gorom-gorom,14.4439,-0.2361,35.36,23,78,3.67,BF,1696097686
592,sao jose da coroa grande,-8.8978,-35.1478,28.0,53,43,4.46,BR,1696097687
593,nogliki,51.8333,143.1667,7.74,89,26,1.06,RU,1696097540
594,sittwe,20.15,92.9,26.55,88,95,5.73,MM,1696097687
595,kapa'a,22.0752,-159.319,27.18,86,40,5.14,US,1696097687
596,yilan,24.757,121.753,27.73,95,7,0.64,TW,1696097688
597,puerto san jose,13.9256,-90.8244,30.99,66,56,1.98,GT,1696097688
598,yushu,44.8,126.5333,9.93,70,66,3.33,CN,1696097688
599,jiagedaqi,50.4167,124.1167,4.15,79,96,1.72,CN,1696097688
600,moriki,12.8741,6.4875,28.39,59,66,2.6,NG,1696097689
601,phan rang-thap cham,11.5667,108.9833,24.72,92,83,1.8,VN,1696097643
602,amursk,50.2261,136.8994,7.21,88,98,6.05,RU,1696097689
603,san luis de la loma,17.2706,-100.8939,34.35,58,5,2.42,MX,1696097689
604,zapala,-38.8992,-70.0544,14.95,28,4,3.73,AR,1696097690
605,geraldton,-28.7667,114.6,11.23,93,75,3.09,AU,1696097690
606,keetmanshoop,-26.5833,18.1333,21.89,12,0,5.49,NA,1696097690
607,ghanzi,-21.5667,21.7833,26.51,11,0,4.04,BW,1696097690
608,dubbo,-32.25,148.6167,22.07,35,49,5.66,AU,1696097610
